date,currency,rate
2026-06-15,USD,1.00202208
2026-06-15,EUR,1.08207977
2026-06-15,GBP,1.27995968
2026-06-15,JPY,0.00644179
2026-06-15,SGD,0.73469050
2026-06-16,USD,1.00053185
2026-06-16,EUR,1.07828721
2026-06-16,GBP,1.27417101
2026-06-16,JPY,0.00646693
2026-06-16,SGD,0.73909057
2026-06-17,USD,0.99499847
2026-06-17,EUR,1.09147692
2026-06-17,GBP,1.27724665
2026-06-17,JPY,0.00639522
2026-06-17,SGD,0.73502238
2026-06-18,USD,1.00001459
2026-06-18,EUR,1.08724276
2026-06-18,GBP,1.27381198
2026-06-18,JPY,0.00635629
2026-06-18,SGD,0.73906786
2026-06-19,USD,1.00674675
2026-06-19,EUR,1.07347740
2026-06-19,GBP,1.27334688
2026-06-19,JPY,0.00635985
2026-06-19,SGD,0.73605328
2026-06-20,USD,0.99123563
2026-06-20,EUR,1.07639077
2026-06-20,GBP,1.27820777
2026-06-20,JPY,0.00642390
2026-06-20,SGD,0.73250616
2026-06-21,USD,0.99346010
2026-06-21,EUR,1.09062400
2026-06-21,GBP,1.27068835
2026-06-21,JPY,0.00645968
2026-06-21,SGD,0.73682984
2026-06-22,USD,0.99899791
2026-06-22,EUR,1.07317908
2026-06-22,GBP,1.25959640
2026-06-22,JPY,0.00642727
2026-06-22,SGD,0.74093063
2026-06-23,USD,0.99490349
2026-06-23,EUR,1.08635632
2026-06-23,GBP,1.26361576
2026-06-23,JPY,0.00639479
2026-06-23,SGD,0.74302921
2026-06-24,USD,1.00717422
2026-06-24,EUR,1.08337323
2026-06-24,GBP,1.26348051
2026-06-24,JPY,0.00639229
2026-06-24,SGD,0.73643835
